No,Thread,Process,Data,Waktu,Speedup,Efisiensi
1,3,1,2010,64.02815536666942,1.070519676968236,107.0519676968236
2,3,2,2010,47.46122560000125,1.4441978548484253,72.20989274242126
3,3,3,2010,46.9427062333319,1.4601501638891325,48.67167212963775
4,3,4,2010,40.89038613333347,1.676271776365619,41.906794409140474
5,3,6,2010,40.51699440000326,1.6917197638922954,28.195329398204922
6,1,3,2010,41.72922056666721,1.6425756165393273,54.752520551310916
7,6,3,2010,44.860719500000414,1.527915757124634,50.9305252374878
8,3,3,500,9.743142533331897,1.6993814480311573,56.64604826770524
9,3,3,1000,20.613208300002345,2.2471830193779203,74.90610064593068
10,6,4,2010,40.81595499999821,1.6793285909885478,41.983214774713694
