No,Thread,Process,Data,Waktu,Speedup,Efisiensi,waktu_min,waktu_max,baseline_rata,baseline_min,baseline_max,ms_komputasi_per_berkas,baca_total_rata,komputasi_total_rata,utilisasi,efisiensi_2core
1,3,1,2010,64.02815536666942,1.070519676968236,107.0519676968236,63.24236180000298,64.75946010000189,68.54340019999897,64.33128710000165,75.06953020000219,30.34329378111808,1.0741705666684236,60.99002050004734,0.9525500172662539,107.0519676968236
2,3,2,2010,47.46122560000125,1.4441978548484253,72.20989274242126,42.08280000000377,56.48371839999891,68.54340019999897,64.33128710000165,75.06953020000219,44.76968014923041,2.0548263666787534,89.98705709995313,0.9480060403239015,72.20989274242126
3,3,3,2010,46.9427062333319,1.4601501638891325,48.67167212963775,40.33726860000024,59.28419269999722,68.54340019999897,64.33128710000165,75.06953020000219,66.32412373130339,2.5454128666630518,133.3114886999198,0.9466255029928472,73.00750819445663
4,3,4,2010,40.89038613333347,1.676271776365619,41.906794409140474,40.1829945999998,41.73236270000052,68.54340019999897,64.33128710000165,75.06953020000219,75.7889032171676,2.6024109000330404,152.33569546650688,0.9313662077546646,83.81358881828095
5,3,6,2010,40.51699440000326,1.6917197638922954,28.195329398204922,38.653362200006086,42.83151260000159,68.54340019999897,64.33128710000165,75.06953020000219,112.19531346601318,2.7383754333544252,225.5125800666865,0.9276460548887947,84.58598819461477
6,1,3,2010,41.72922056666721,1.6425756165393273,54.752520551310916,40.36820350000198,44.01727899999969,68.54340019999897,64.33128710000165,75.06953020000219,58.89617064673093,2.265891599987905,118.38130299992918,0.9456307545995776,82.12878082696636
7,6,3,2010,44.860719500000414,1.527915757124634,50.9305252374878,41.144006100003025,50.47692850000021,68.54340019999897,64.33128710000165,75.06953020000219,63.30491558862557,2.9069634665647754,127.24288033313739,0.9454661877275228,76.3957878562317
8,3,3,500,9.743142533331897,1.6993814480311573,56.64604826770524,9.412369499994384,9.928765700002259,16.557315666667517,15.391199199999392,18.512453100003768,53.883512866756064,0.5667342999877292,26.941756433378032,0.9217339731066785,84.96907240155787
9,3,3,1000,20.613208300002345,2.2471830193779203,74.90610064593068,19.706882800004678,22.145085399999516,46.321651666665275,32.18308689999685,70.49045430000115,57.98684543333608,1.1205509665742284,57.98684543333608,0.937697237444425,112.35915096889602
10,6,4,2010,40.81595499999821,1.6793285909885478,41.983214774713694,39.24721239999781,41.977513799996814,68.54340019999897,64.33128710000165,75.06953020000219,75.63756693196781,2.6706877001124667,152.0315095332553,0.9312014721526298,83.96642954942739
